,Name,Start,End
0,CoRoT-2 b,2459067.368,2459067.37
1,CoRoT-2 b,2459077.833,2459077.835
2,HAT-P-12 b,2459071.703,2459071.708
3,maddie_2a,2459145.898,2459145.899
4,maddie_2b,2456226.396,2456226.398
5,maddie_2c,2458416.263,2458416.367
6,maddie_2d,2458416.389,2458416.395
7,maddie_2e,2458416.29,2458416.34
8,maddie_1a,2459151.66,2459151.662
9,maddie_1b,2456231.158,2456231.159
10,maddie_1c,2458421.06,2458421.17
11,maddie_1d,2458421.156,2458421.16
12,maddie_1e,2458421.03,2458421.17
13,WASP-156 b,2459089.309,2459089.302
14,HAT-P-37 b,2459077.413,2459077.415
